{"dpp_1000_3_8":{"n":1000,"d":3,"k":8,"indexs":[1,653,786,915,267,606,84,776],"dcg":3.0930731025,"div":0.7193044448,"rmdse":0.0275072687},"dpp_1000_4_8":{"n":1000,"d":4,"k":8,"indexs":[1,700,284,830,267,395,752,407],"dcg":3.0875298107,"div":0.6823639943,"rmdse":0.0262690256},"dpp_1000_5_8":{"n":1000,"d":5,"k":8,"indexs":[672,177,306,830,928,174,684,499],"dcg":3.0827713517,"div":0.6766905796,"rmdse":0.0185169947},"dpp_1000_6_8":{"n":1000,"d":6,"k":8,"indexs":[187,90,672,728,104,616,960,267],"dcg":3.0946519034,"div":0.6264726591,"rmdse":0.0290687386},"dpp_1000_7_8":{"n":1000,"d":7,"k":8,"indexs":[187,90,403,386,518,236,275,435],"dcg":3.0732993314,"div":0.6462838562,"rmdse":0.016466276},"dpp_1000_8_8":{"n":1000,"d":8,"k":8,"indexs":[187,248,403,160,404,77,316,267],"dcg":3.1019430753,"div":0.6326347418,"rmdse":0.0167794306},"dpp_1300_3_8":{"n":1300,"d":3,"k":8,"indexs":[1,653,786,915,267,1097,84,164],"dcg":3.1979332666,"div":0.5652551015,"rmdse":0.0819719364},"dpp_1300_4_8":{"n":1300,"d":4,"k":8,"indexs":[1,700,284,830,267,395,752,407],"dcg":3.0875298107,"div":0.6823639943,"rmdse":0.0262690256},"dpp_1300_5_8":{"n":1300,"d":5,"k":8,"indexs":[672,177,306,830,928,1264,684,499],"dcg":3.0535377582,"div":0.7157947801,"rmdse":0.004691572},"dpp_1300_6_8":{"n":1300,"d":6,"k":8,"indexs":[187,90,672,728,104,616,960,1069],"dcg":3.0690114729,"div":0.6483921898,"rmdse":0.0213190142},"dpp_1300_7_8":{"n":1300,"d":7,"k":8,"indexs":[187,90,403,386,518,1276,1128,435],"dcg":3.0839957396,"div":0.6486419865,"rmdse":0.0156325511},"dpp_1300_8_8":{"n":1300,"d":8,"k":8,"indexs":[187,248,403,160,404,77,316,267],"dcg":3.1019430753,"div":0.6326347418,"rmdse":0.0167794306},"dpp_1600_3_8":{"n":1600,"d":3,"k":8,"indexs":[1,653,786,915,267,1097,84,164],"dcg":3.1979332666,"div":0.5652551015,"rmdse":0.0819719364},"dpp_1600_4_8":{"n":1600,"d":4,"k":8,"indexs":[1,700,284,830,267,1571,1506,407],"dcg":3.0870997181,"div":0.6815668827,"rmdse":0.0265508471},"dpp_1600_5_8":{"n":1600,"d":5,"k":8,"indexs":[672,177,306,830,928,1264,684,499],"dcg":3.0535377582,"div":0.7157947801,"rmdse":0.004691572},"dpp_1600_6_8":{"n":1600,"d":6,"k":8,"indexs":[187,1492,672,296,960,77,1110,1329],"dcg":3.0232774509,"div":0.6925312949,"rmdse":0.005713484},"dpp_1600_7_8":{"n":1600,"d":7,"k":8,"indexs":[187,90,403,386,518,1486,960,316],"dcg":3.0108112898,"div":0.6955080167,"rmdse":0.0009370928},"dpp_1600_8_8":{"n":1600,"d":8,"k":8,"indexs":[187,1492,1425,166,518,160,1251,1486],"dcg":3.1093693106,"div":0.6310059283,"rmdse":0.0173553032},"dpp_1900_3_8":{"n":1900,"d":3,"k":8,"indexs":[1,653,1606,915,1819,1097,84,1259],"dcg":3.0726561067,"div":0.7457047596,"rmdse":0.0181733479},"dpp_1900_4_8":{"n":1900,"d":4,"k":8,"indexs":[1,700,1815,1606,1819,1571,1506,407],"dcg":3.085018278,"div":0.6853009244,"rmdse":0.0252306639},"dpp_1900_5_8":{"n":1900,"d":5,"k":8,"indexs":[672,177,306,1606,928,1740,1309,499],"dcg":3.0685317429,"div":0.6940458336,"rmdse":0.0123809858},"dpp_1900_6_8":{"n":1900,"d":6,"k":8,"indexs":[187,1492,672,296,960,1740,1870,1451],"dcg":2.9870805086,"div":0.726272871,"rmdse":0.0062159647},"dpp_1900_7_8":{"n":1900,"d":7,"k":8,"indexs":[187,90,403,386,1776,518,1128,960],"dcg":3.0244696712,"div":0.6849823144,"rmdse":0.0027843049},"dpp_1900_8_8":{"n":1900,"d":8,"k":8,"indexs":[187,1492,1425,166,518,160,1251,1486],"dcg":3.1093693106,"div":0.6310059283,"rmdse":0.0173553032},"dpp_2200_3_8":{"n":2200,"d":3,"k":8,"indexs":[1,653,1606,915,1819,1097,84,1259],"dcg":3.0726561067,"div":0.7457047596,"rmdse":0.0181733479},"dpp_2200_4_8":{"n":2200,"d":4,"k":8,"indexs":[1,700,1815,1606,1819,1571,1506,407],"dcg":3.085018278,"div":0.6853009244,"rmdse":0.0252306639},"dpp_2200_5_8":{"n":2200,"d":5,"k":8,"indexs":[672,177,306,1606,928,1740,1309,499],"dcg":3.0685317429,"div":0.6940458336,"rmdse":0.0123809858},"dpp_2200_6_8":{"n":2200,"d":6,"k":8,"indexs":[187,2139,672,2109,2128,1251,616,1329],"dcg":3.1050276312,"div":0.6309465032,"rmdse":0.0274869959},"dpp_2200_7_8":{"n":2200,"d":7,"k":8,"indexs":[187,90,403,386,1776,2128,1740,960],"dcg":3.0155380849,"div":0.7034590416,"rmdse":0.0037482046},"dpp_2200_8_8":{"n":2200,"d":8,"k":8,"indexs":[187,1492,2109,759,2128,1161,1513,1486],"dcg":3.0692968415,"div":0.6499825868,"rmdse":0.0106460412},"dpp_2500_3_8":{"n":2500,"d":3,"k":8,"indexs":[1,653,1606,915,1819,1097,84,1259],"dcg":3.0726561067,"div":0.7457047596,"rmdse":0.0181733479},"dpp_2500_4_8":{"n":2500,"d":4,"k":8,"indexs":[1,700,1815,1606,2348,1571,2272,407],"dcg":3.0871919691,"div":0.6826172816,"rmdse":0.026179475},"dpp_2500_5_8":{"n":2500,"d":5,"k":8,"indexs":[672,177,306,1606,928,1740,1309,499],"dcg":3.0685317429,"div":0.6940458336,"rmdse":0.0123809858},"dpp_2500_6_8":{"n":2500,"d":6,"k":8,"indexs":[187,2139,672,2109,2128,1251,616,1329],"dcg":3.1050276312,"div":0.6309465032,"rmdse":0.0274869959},"dpp_2500_7_8":{"n":2500,"d":7,"k":8,"indexs":[187,90,403,386,1776,2128,1740,960],"dcg":3.0155380849,"div":0.7034590416,"rmdse":0.0037482046},"dpp_2500_8_8":{"n":2500,"d":8,"k":8,"indexs":[187,1492,2109,2335,2128,2358,1513,2456],"dcg":3.0594390416,"div":0.6598232623,"rmdse":0.007166837}}