{
  "rs_1000_3_8": {
    "n": 1000,
    "d": 3,
    "k": 8,
    "indexs": [
      1,
      598,
      384,
      155,
      480,
      27,
      258,
      745
    ],
    "dcg": 3.8949361885,
    "div": 0.0275766119,
    "rmdse": 0.2633853058
  },
  "rs_1000_4_8": {
    "n": 1000,
    "d": 4,
    "k": 8,
    "indexs": [
      1,
      598,
      672,
      644,
      87,
      789,
      187,
      723
    ],
    "dcg": 3.8803941702,
    "div": 0.0371886454,
    "rmdse": 0.243761549
  },
  "rs_1000_5_8": {
    "n": 1000,
    "d": 5,
    "k": 8,
    "indexs": [
      672,
      187,
      884,
      790,
      342,
      11,
      175,
      723
    ],
    "dcg": 3.822752752,
    "div": 0.0662092067,
    "rmdse": 0.1913776556
  },
  "rs_1000_6_8": {
    "n": 1000,
    "d": 6,
    "k": 8,
    "indexs": [
      187,
      884,
      790,
      723,
      856,
      538,
      60,
      265
    ],
    "dcg": 3.7939709053,
    "div": 0.056044701,
    "rmdse": 0.201992689
  },
  "rs_1000_7_8": {
    "n": 1000,
    "d": 7,
    "k": 8,
    "indexs": [
      187,
      884,
      790,
      723,
      856,
      538,
      60,
      1
    ],
    "dcg": 3.7695147605,
    "div": 0.0733340602,
    "rmdse": 0.1934675913
  },
  "rs_1000_8_8": {
    "n": 1000,
    "d": 8,
    "k": 8,
    "indexs": [
      187,
      884,
      790,
      723,
      856,
      538,
      60,
      1
    ],
    "dcg": 3.781139966,
    "div": 0.068720233,
    "rmdse": 0.2132845122
  },
  "rs_1300_3_8": {
    "n": 1300,
    "d": 3,
    "k": 8,
    "indexs": [
      1,
      598,
      384,
      1149,
      155,
      480,
      27,
      1103
    ],
    "dcg": 3.896040048,
    "div": 0.0245188705,
    "rmdse": 0.2644663806
  },
  "rs_1300_4_8": {
    "n": 1300,
    "d": 4,
    "k": 8,
    "indexs": [
      1,
      598,
      672,
      1226,
      644,
      87,
      789,
      187
    ],
    "dcg": 3.8828350482,
    "div": 0.0351349296,
    "rmdse": 0.2444876472
  },
  "rs_1300_5_8": {
    "n": 1300,
    "d": 5,
    "k": 8,
    "indexs": [
      672,
      187,
      884,
      1051,
      790,
      342,
      1109,
      11
    ],
    "dcg": 3.8360104326,
    "div": 0.0450439677,
    "rmdse": 0.1988606977
  },
  "rs_1300_6_8": {
    "n": 1300,
    "d": 6,
    "k": 8,
    "indexs": [
      187,
      884,
      1051,
      790,
      723,
      856,
      1127,
      1198
    ],
    "dcg": 3.8139257733,
    "div": 0.0576498202,
    "rmdse": 0.2014251937
  },
  "rs_1300_7_8": {
    "n": 1300,
    "d": 7,
    "k": 8,
    "indexs": [
      187,
      884,
      1051,
      790,
      723,
      856,
      538,
      1198
    ],
    "dcg": 3.7867090898,
    "div": 0.0609560609,
    "rmdse": 0.1978438749
  },
  "rs_1300_8_8": {
    "n": 1300,
    "d": 8,
    "k": 8,
    "indexs": [
      187,
      884,
      1051,
      790,
      723,
      856,
      538,
      1198
    ],
    "dcg": 3.797306391,
    "div": 0.0570852221,
    "rmdse": 0.2173981097
  },
  "rs_1600_3_8": {
    "n": 1600,
    "d": 3,
    "k": 8,
    "indexs": [
      1,
      1498,
      1480,
      598,
      384,
      1149,
      155,
      480
    ],
    "dcg": 3.9030592131,
    "div": 0.0227931875,
    "rmdse": 0.2650765018
  },
  "rs_1600_4_8": {
    "n": 1600,
    "d": 4,
    "k": 8,
    "indexs": [
      1,
      598,
      672,
      1226,
      644,
      87,
      789,
      187
    ],
    "dcg": 3.8828350482,
    "div": 0.0351349296,
    "rmdse": 0.2444876472
  },
  "rs_1600_5_8": {
    "n": 1600,
    "d": 5,
    "k": 8,
    "indexs": [
      672,
      187,
      1350,
      884,
      1476,
      1051,
      790,
      342
    ],
    "dcg": 3.8484256724,
    "div": 0.0348081032,
    "rmdse": 0.2024796223
  },
  "rs_1600_6_8": {
    "n": 1600,
    "d": 6,
    "k": 8,
    "indexs": [
      187,
      1350,
      884,
      1476,
      1051,
      790,
      1414,
      723
    ],
    "dcg": 3.8404768597,
    "div": 0.0346180801,
    "rmdse": 0.2095681435
  },
  "rs_1600_7_8": {
    "n": 1600,
    "d": 7,
    "k": 8,
    "indexs": [
      187,
      1350,
      884,
      1476,
      1051,
      790,
      1414,
      723
    ],
    "dcg": 3.7996685415,
    "div": 0.0378227082,
    "rmdse": 0.2060227502
  },
  "rs_1600_8_8": {
    "n": 1600,
    "d": 8,
    "k": 8,
    "indexs": [
      187,
      1350,
      884,
      1476,
      1051,
      790,
      1414,
      723
    ],
    "dcg": 3.8094799613,
    "div": 0.0353956338,
    "rmdse": 0.2250665372
  },
  "rs_1900_3_8": {
    "n": 1900,
    "d": 3,
    "k": 8,
    "indexs": [
      1,
      1498,
      1480,
      598,
      384,
      1149,
      155,
      480
    ],
    "dcg": 3.9030592131,
    "div": 0.0227931875,
    "rmdse": 0.2650765018
  },
  "rs_1900_4_8": {
    "n": 1900,
    "d": 4,
    "k": 8,
    "indexs": [
      1,
      598,
      672,
      1771,
      1226,
      644,
      87,
      789
    ],
    "dcg": 3.884853876,
    "div": 0.0327921277,
    "rmdse": 0.2453159528
  },
  "rs_1900_5_8": {
    "n": 1900,
    "d": 5,
    "k": 8,
    "indexs": [
      672,
      187,
      1350,
      884,
      1476,
      1051,
      1792,
      790
    ],
    "dcg": 3.8490380813,
    "div": 0.0334627173,
    "rmdse": 0.202955288
  },
  "rs_1900_6_8": {
    "n": 1900,
    "d": 6,
    "k": 8,
    "indexs": [
      187,
      1350,
      884,
      1476,
      1051,
      1792,
      790,
      1715
    ],
    "dcg": 3.8473992963,
    "div": 0.0217796101,
    "rmdse": 0.2141072281
  },
  "rs_1900_7_8": {
    "n": 1900,
    "d": 7,
    "k": 8,
    "indexs": [
      187,
      1350,
      884,
      1476,
      1051,
      1792,
      790,
      1715
    ],
    "dcg": 3.8026157966,
    "div": 0.0201640008,
    "rmdse": 0.212266046
  },
  "rs_1900_8_8": {
    "n": 1900,
    "d": 8,
    "k": 8,
    "indexs": [
      187,
      1350,
      884,
      1476,
      1051,
      1792,
      790,
      1715
    ],
    "dcg": 3.8122616814,
    "div": 0.0188630009,
    "rmdse": 0.2309117056
  },
  "rs_2200_3_8": {
    "n": 2200,
    "d": 3,
    "k": 8,
    "indexs": [
      1,
      1498,
      1480,
      598,
      384,
      1149,
      155,
      480
    ],
    "dcg": 3.9030592131,
    "div": 0.0227931875,
    "rmdse": 0.2650765018
  },
  "rs_2200_4_8": {
    "n": 2200,
    "d": 4,
    "k": 8,
    "indexs": [
      1,
      598,
      672,
      1771,
      1226,
      644,
      87,
      789
    ],
    "dcg": 3.884853876,
    "div": 0.0327921277,
    "rmdse": 0.2453159528
  },
  "rs_2200_5_8": {
    "n": 2200,
    "d": 5,
    "k": 8,
    "indexs": [
      672,
      187,
      1350,
      884,
      1990,
      1476,
      1051,
      1792
    ],
    "dcg": 3.8507683119,
    "div": 0.0323613049,
    "rmdse": 0.2033446961
  },
  "rs_2200_6_8": {
    "n": 2200,
    "d": 6,
    "k": 8,
    "indexs": [
      187,
      1350,
      884,
      1990,
      1476,
      1051,
      1792,
      790
    ],
    "dcg": 3.8510257671,
    "div": 0.0189508781,
    "rmdse": 0.2151073359
  },
  "rs_2200_7_8": {
    "n": 2200,
    "d": 7,
    "k": 8,
    "indexs": [
      187,
      1350,
      884,
      1990,
      1476,
      1051,
      1792,
      790
    ],
    "dcg": 3.8049975455,
    "div": 0.0175451039,
    "rmdse": 0.2131919659
  },
  "rs_2200_8_8": {
    "n": 2200,
    "d": 8,
    "k": 8,
    "indexs": [
      187,
      1350,
      884,
      1990,
      1476,
      1051,
      1792,
      790
    ],
    "dcg": 3.8144928936,
    "div": 0.0164139952,
    "rmdse": 0.2317775599
  },
  "rs_2500_3_8": {
    "n": 2500,
    "d": 3,
    "k": 8,
    "indexs": [
      1,
      1498,
      1480,
      2302,
      598,
      384,
      1149,
      155
    ],
    "dcg": 3.9038906907,
    "div": 0.0221315012,
    "rmdse": 0.2653104432
  },
  "rs_2500_4_8": {
    "n": 2500,
    "d": 4,
    "k": 8,
    "indexs": [
      1,
      598,
      2283,
      672,
      1771,
      1226,
      644,
      87
    ],
    "dcg": 3.8891269704,
    "div": 0.0324252834,